,ticker,reportedCurrency,cik,fillingDate,acceptedDate,calendarYear,period,revenue,costOfRevenue,grossProfit,grossProfitRatio,researchAndDevelopmentExpenses,generalAndAdministrativeExpenses,sellingAndMarketingExpenses,sellingGeneralAndAdministrativeExpenses,otherExpenses,operatingExpenses,costAndExpenses,interestIncome,interestExpense,depreciationAndAmortization,ebitda,ebitdaratio,operatingIncome,operatingIncomeRatio,totalOtherIncomeExpensesNet,incomeBeforeTax,incomeBeforeTaxRatio,incomeTaxExpense,netIncome,netIncomeRatio,eps,epsdiluted,weightedAverageShsOut,weightedAverageShsOutDil,link,finalLink,industry,symbol,cashAndCashEquivalents,shortTermInvestments,cashAndShortTermInvestments,netReceivables,inventory,otherCurrentAssets,totalCurrentAssets,propertyPlantEquipmentNet,goodwill,intangibleAssets,goodwillAndIntangibleAssets,longTermInvestments,taxAssets,otherNonCurrentAssets,totalNonCurrentAssets,otherAssets,totalAssets,accountPayables,shortTermDebt,taxPayables,deferredRevenue,otherCurrentLiabilities,totalCurrentLiabilities,longTermDebt,deferredRevenueNonCurrent,deferredTaxLiabilitiesNonCurrent,otherNonCurrentLiabilities,totalNonCurrentLiabilities,otherLiabilities,capitalLeaseObligations,totalLiabilities,preferredStock,commonStock,retainedEarnings,accumulatedOtherComprehensiveIncomeLoss,othertotalStockholdersEquity,totalStockholdersEquity,totalEquity,totalLiabilitiesAndStockholdersEquity,minorityInterest,totalLiabilitiesAndTotalEquity,totalInvestments,totalDebt,netDebt,deferredIncomeTax,stockBasedCompensation,changeInWorkingCapital,accountsReceivables,accountsPayables,otherWorkingCapital,otherNonCashItems,netCashProvidedByOperatingActivities,investmentsInPropertyPlantAndEquipment,acquisitionsNet,purchasesOfInvestments,salesMaturitiesOfInvestments,otherInvestingActivites,netCashUsedForInvestingActivites,debtRepayment,commonStockIssued,commonStockRepurchased,dividendsPaid,otherFinancingActivites,netCashUsedProvidedByFinancingActivities,effectOfForexChangesOnCash,netChangeInCash,cashAtEndOfPeriod,cashAtBeginningOfPeriod,operatingCashFlow,capitalExpenditure,freeCashFlow,priceBookValueRatio,priceToBookRatio,priceToSalesRatio,priceEarningsRatio,receivablesTurnover,priceToFreeCashFlowsRatio,priceToOperatingCashFlowsRatio,priceCashFlowRatio,priceEarningsToGrowthRatio,priceSalesRatio,dividendYield,enterpriseValueMultiple,priceFairValue,price,dcf,marketCap,eff_tax_rate,equity_ratio,debt_to_equity,debt_to_assets,interest_coverage,gross_profit_margin,operating_margin,return_on_equity,return_on_assets,Beta,RF_rate,cost_of_debt,cost_of_equity,wacc,sector
0,AAPL,,320193.0,,,2018.0,,265595000000.0,163756000000.0,101839000000.0,0.3834371882,14236000000.0,0.0,0.0,16705000000.0,0.0,30941000000.0,194697000000.0,5686000000.0,3240000000.0,10903000000.0,81801000000.0,0.3079914908,70898000000.0,0.2669402662,2005000000.0,72903000000.0,0.2744893541,13372000000.0,59531000000.0,0.2241420207,3.0,2.98,19821508000.0,20000436000.0,,,Consumer Electronics,,25913000000.0,40388000000.0,66301000000.0,48995000000.0,3956000000.0,12087000000.0,131339000000.0,41304000000.0,0.0,0.0,0.0,170799000000.0,0.0,22283000000.0,234386000000.0,0.0,365725000000.0,55888000000.0,20748000000.0,0.0,7543000000.0,32687000000.0,116866000000.0,93735000000.0,2797000000.0,426000000.0,57533000000.0,141712000000.0,0.0,0.0,258578000000.0,0.0,40201000000.0,70400000000.0,-3454000000.0,0.0,107147000000.0,107147000000.0,365725000000.0,0.0,365725000000.0,211187000000.0,114483000000.0,88570000000.0,-32590000000.0,5340000000.0,34694000000.0,-5322000000.0,9175000000.0,30013000000.0,-444000000.0,77434000000.0,-13313000000.0,-721000000.0,-73227000000.0,104072000000.0,-745000000.0,16066000000.0,-6500000000.0,669000000.0,-72738000000.0,-13712000000.0,4405000000.0,-87876000000.0,0.0,5624000000.0,25913000000.0,20289000000.0,77434000000.0,-13313000000.0,64121000000.0,9.815760051425716,9.815760051425716,3.959898500461647,17.666917105879477,5.42085927135422,16.40225888913322,13.582266733348543,13.582266733348543,6.099613989471128,3.959898500461647,0.013037576069411892,13.099961425339606,9.815760051425716,53.06,54.37,737287959540.0,0.18342180705869443,0.29297149497573316,2.4133013523477094,0.7070285050242668,20.745987654320988,0.38343718820007905,0.26694026619477024,55.56011834209077,0.16277530931710985,1.0618606228487029,0.0151,0.022,8.782568631076668,7.604554590699356,Technology
1,,,,,,,,,,,,,,,,,,,,,,,,,,,,,,,,,,,,,,,,,,,,,,,,,,,,,,,,,,,,,,,,,,,,,,,,,,,,,,,,,,,,,,,,,,,,,,,,,,,,,,,,,,,,,,,6.488907566008121,6.488907566008121,3.794457159499422,17.989671206400914,6.425980433380988,17.12140213177746,13.676823052622574,13.676823052622574,6.539267261272266,3.794457159499422,0.014680072500278113,12.605748964994847,6.488907566008121,,,,,,,,,,,,,,0.025699999999999997,,,,
2,,,,,,,,,,,,,,,,,,,,,,,,,,,,,,,,,,,,,,,,,,,,,,,,,,,,,,,,,,,,,,,,,,,,,,,,,,,,,,,,,,,,,,,,,,,,,,,,,,,,,,,,,,,,,,,5.018690061936638,5.018690061936638,2.984812495667815,14.088077171915685,7.359944025393358,12.31238009322274,9.77822650937822,9.77822650937822,5.369934984839823,2.984812495667815,0.018876953872559415,9.684452862330902,5.018690061936638,,,,,,,,,,,,,,0.0165,,,,
3,,,,,,,,,,,,,,,,,,,,,,,,,,,,,,,,,,,,,,,,,,,,,,,,,,,,,,,,,,,,,,,,,,,,,,,,,,,,,,,,,,,,,,,,,,,,,,,,,,,,,,,,,,,,,,,5.5569885298135375,5.5569885298135375,2.837876755774746,12.42188946278411,7.702435487591866,9.505207457592576,8.161523465851584,8.161523465851584,4.979419253791839,2.837876755774746,0.017430718278031162,8.36159240253115,5.5569885298135375,,,,,,,,,,,,,,0.0084,,,,
4,,,,,,,,,,,,,,,,,,,,,,,,,,,,,,,,,,,,,,,,,,,,,,,,,,,,,,,,,,,,,,,,,,,,,,,,,,,,,,,,,,,,,,,,,,,,,,,,,,,,,,,,,,,,,,,5.734394271369536,5.734394271369536,3.4992996405178345,16.189685593228486,6.715713288511702,12.818727009788727,10.712147736480457,10.712147736480457,6.864433459438412,3.4992996405178345,0.01739376551926448,10.69524983075498,5.734394271369536,,,,,,,,,,,,,,0.0063,,,,
5,,,,,,,,,,,,,,,,,,,,,,,,,,,,,,,,,,,,,,,,,,,,,,,,,,,,,,,,,,,,,,,,,,,,,,,,,,,,,,,,,,,,,,,,,,,,,,,,,,,,,,,,,,,,,,,3.9685824659990874,3.9685824659990874,2.8688455625283553,13.238501905978378,8.280122087108182,10.996061787210614,9.136406571977066,9.136406571977066,5.97446297400332,2.8688455625283553,0.021545359682992447,8.642115325545527,3.9685824659990874,,,,,,,,,,,,,,0.002,,,,
6,AMGN,,318154.0,,,2018.0,,23747000000.0,4101000000.0,19646000000.0,0.8273045016,3737000000.0,5332000000.0,0.0,5332000000.0,314000000.0,9383000000.0,13484000000.0,674000000.0,1392000000.0,2620000000.0,12883000000.0,0.5425106329,10263000000.0,0.4321809071,-718000000.0,9545000000.0,0.4019455089,1151000000.0,8394000000.0,0.3534762286,12.7,12.62,661000000.0,665000000.0,,,Drug Manufacturers—General,,6945000000.0,22359000000.0,29304000000.0,3580000000.0,2940000000.0,1794000000.0,37618000000.0,4958000000.0,14699000000.0,7443000000.0,22142000000.0,0.0,0.0,1698000000.0,28798000000.0,0.0,66416000000.0,1207000000.0,4419000000.0,0.0,0.0,7862000000.0,13488000000.0,29510000000.0,0.0,864000000.0,34802000000.0,40428000000.0,0.0,0.0,53916000000.0,0.0,31246000000.0,-17977000000.0,-769000000.0,0.0,12500000000.0,12500000000.0,66416000000.0,0.0,66416000000.0,22359000000.0,33929000000.0,26984000000.0,-363000000.0,311000000.0,622000000.0,-378000000.0,-143000000.0,1146000000.0,386000000.0,11296000000.0,-738000000.0,195000000.0,-18741000000.0,33768000000.0,-145000000.0,14339000000.0,-1121000000.0,0.0,-17794000000.0,-3507000000.0,-68000000.0,-22490000000.0,0.0,3145000000.0,6945000000.0,3800000000.0,11296000000.0,-738000000.0,10558000000.0,9.775396831728001,9.775396831728001,5.145595670888955,14.557119418227305,6.633240223463687,11.57344766021974,10.817321210747167,10.817321210747167,1.3246497708491531,5.145595670888955,0.02870062513364026,11.579326274672049,9.775396831728001,184.86,195.37,121084739999.0,0.12058669460450498,0.1882076608046254,4.31328,0.8117923391953746,6.372844827586207,0.8273045016212575,0.4321809070619447,67.152,0.12638520838352205,1.1848096894812468,0.0151,0.0274,9.797722655744343,7.658496924114186,Healthcare
7,,,,,,,,,,,,,,,,,,,,,,,,,,,,,,,,,,,,,,,,,,,,,,,,,,,,,,,,,,,,,,,,,,,,,,,,,,,,,,,,,,,,,,,,,,,,,,,,,,,,,,,,,,,,,,,5.539335729301533,5.539335729301533,6.11923380206136,70.65102230586155,7.058696323756565,13.299569403909446,12.509472411496823,12.509472411496823,7.109842690746804,6.11923380206136,0.024066937158188844,13.32921384126478,5.539335729301533,,,,,,,,,,,,,,0.025699999999999997,,,,
8,,,,,,,,,,,,,,,,,,,,,,,,,,,,,,,,,,,,,,,,,,,,,,,,,,,,,,,,,,,,,,,,,,,,,,,,,,,,,,,,,,,,,,,,,,,,,,,,,,,,,,,,,,,,,,,3.8665651728736408,3.8665651728736408,5.024297966143274,14.959030631908833,7.264139020537125,12.137610017820743,11.156425974463977,11.156425974463977,1.5403847622064712,5.024297966143274,0.02595364618167421,11.723230726340997,3.8665651728736408,,,,,,,,,,,,,,0.0165,,,,
9,,,,,,,,,,,,,,,,,,,,,,,,,,,,,,,,,,,,,,,,,,,,,,,,,,,,,,,,,,,,,,,,,,,,,,,,,,,,,,,,,,,,,,,,,,,,,,,,,,,,,,,,,,,,,,,4.122399200249261,4.122399200249261,5.344351248296555,16.683864640524572,7.232721202003339,13.736276309990506,12.754140877007822,12.754140877007822,1.740964950098792,5.344351248296555,0.02069632657020941,12.80577200076916,4.122399200249261,,,,,,,,,,,,,,0.0084,,,,
10,,,,,,,,,,,,,,,,,,,,,,,,,,,,,,,,,,,,,,,,,,,,,,,,,,,,,,,,,,,,,,,,,,,,,,,,,,,,,,,,,,,,,,,,,,,,,,,,,,,,,,,,,,,,,,,4.483099380304911,4.483099380304911,5.760122405697055,22.405067046432727,7.880204241948154,15.302613324351166,13.508513831151374,13.508513831151374,2.34105807932853,5.760122405697055,0.016016913608029933,16.295077254858253,4.483099380304911,,,,,,,,,,,,,,0.0063,,,,
11,,,,,,,,,,,,,,,,,,,,,,,,,,,,,,,,,,,,,,,,,,,,,,,,,,,,,,,,,,,,,,,,,,,,,,,,,,,,,,,,,,,,,,,,,,,,,,,,,,,,,,,,,,,,,,,4.119757854281318,4.119757854281318,4.874179136228315,17.91579798232631,6.924731182795699,16.26119498896034,14.469904553838816,14.469904553838816,1.8571855562626254,4.874179136228315,0.015544297094281088,15.760355149636867,4.119757854281318,,,,,,,,,,,,,,0.002,,,,
12,AMZN,,1018724.0,,,2018.0,,232887000000.0,173183000000.0,59704000000.0,0.2563646747134877,28837000000.0,4336000000.0,13814000000.0,18150000000.0,296000000.0,47283000000.0,220466000000.0,,1417000000.0,15341000000.0,28028000000.0,0.12035021276413024,12421000000.0,0.053334879147397665,-1160000000.0,11261000000.0,0.04835392271788464,1197000000.0,10073000000.0,0.04325273630559026,1.0073,1.0073,9740000000.0,10000000000.0,,,Internet Retail,,31750000000.0,9500000000.0,41250000000.0,16677000000.0,17174000000.0,0.0,75101000000.0,61797000000.0,14548000000.0,4110000000.0,18658000000.0,0.0,0.0,7092000000.0,87547000000.0,0.0,162648000000.0,38192000000.0,0.0,0.0,6536000000.0,23663000000.0,68391000000.0,23495000000.0,0.0,2386000000.0,24827000000.0,50708000000.0,0.0,0.0,119099000000.0,0.0,5000000.0,19625000000.0,-1035000000.0,24954000000.0,43549000000.0,43549000000.0,162648000000.0,0.0,162648000000.0,0.0,39787000000.0,8037000000.0,441000000.0,5418000000.0,-1043000000.0,-4615000000.0,3263000000.0,1151000000.0,493000000.0,30723000000.0,-13427000000.0,-2186000000.0,-7100000000.0,8240000000.0,2104000000.0,-12369000000.0,-8454000000.0,0.0,0.0,0.0,768000000.0,-7686000000.0,-351000000.0,10317000000.0,32173000000.0,21856000000.0,30723000000.0,-13427000000.0,17296000000.0,0.9340046913867137,0.9340046913867137,0.17465539212235975,4.038019488255733,13.964561971577622,2.351698098126734,1.3239257333333332,1.3239257333333332,0.09219049696594356,0.17465539212235975,-0,1.1566993829456258,0.9340046913867137,83.52,85.11,737467270000.0,0.10629606606873279,0.26774998770350694,2.734827435762015,0.732250012296493,,0.2563646747134877,0.053334879147397665,23.1302670555007,0.06193128719689145,1.3351987981511253,0.0151,,11.039440979549827,,Consumer Cyclical
13,,,,,,,,,,,,,,,,,,,,,,,,,,,,,,,,,,,,,,,,,,,,,,,,,,,,,,,,,,,,,,,,,,,,,,,,,,,,,,,,,,,,,,,,,,,,,,,,,,,,,,,,,,,,,,,1.2453599705510845,1.2453599705510845,0.1940094195855307,11.3774083165183,13.511546642357946,5.326081096465504,1.871958306607356,1.871958306607356,0.25601968927517627,0.1940094195855307,-0,2.4013318095238096,1.2453599705510845,,,,,,,,,,,,,,0.025699999999999997,,,,
14,,,,,,,,,,,,,,,,,,,,,,,,,,,,,,,,,,,,,,,,,,,,,,,,,,,,,,,,,,,,,,,,,,,,,,,,,,,,,,,,,,,,,,,,,,,,,,,,,,,,,,,,,,,,,,,1.0204825757842884,1.0204825757842884,0.14471976346268392,8.30029796457191,16.307351001319102,2.0276124535338966,1.196862280240832,1.196862280240832,0.1844424187898873,0.14471976346268392,-0,0.648596843659245,1.0204825757842884,,,,,,,,,,,,,,0.0165,,,,
15,,,,,,,,,,,,,,,,,,,,,,,,,,,,,,,,,,,,,,,,,,,,,,,,,,,,,,,,,,,,,,,,,,,,,,,,,,,,,,,,,,,,,,,,,,,,,,,,,,,,,,,,,,,,,,,1.0240922135983264,1.0240922135983264,0.12809048265330916,22.997399642281877,16.659816285224974,1.8696562797435547,1.1498699821140939,1.1498699821140939,0.5034825199449456,0.12809048265330916,-0,0.7303222528119719,1.0240922135983264,,,,,,,,,,,,,,0.0084,,,,
16,,,,,,,,,,,,,,,,,,,,,,,,,,,,,,,,,,,,,,,,,,,,,,,,,,,,,,,,,,,,,,,,,,,,,,,,,,,,,,,,,,,,,,,,,,,,,,,,,,,,,,,,,,,,,,,0.7624655819011266,0.7624655819011266,0.09203086725401179,-33.981920395020744,15.856735566642907,4.2019716855823495,1.196966210932476,1.196966210932476,-0.7360014637147617,0.09203086725401179,-0,0.3887019285538713,0.7624655819011266,,,,,,,,,,,,,,0.0063,,,,
17,,,,,,,,,,,,,,,,,,,,,,,,,,,,,,,,,,,,,,,,,,,,,,,,,,,,,,,,,,,,,,,,,,,,,,,,,,,,,,,,,,,,,,,,,,,,,,,,,,,,,,,,,,,,,,,0.9448777118920583,0.9448777118920583,0.12368745205098587,33.608679489416055,15.61820851688693,4.534110379172821,1.6819686173698631,1.6819686173698631,0.7200396852779118,0.12368745205098587,,0.9772207312875425,0.9448777118920583,,,,,,,,,,,,,,0.002,,,,
18,BA,,12927.0,,,2018.0,,101127000000.0,81490000000.0,19637000000.0,0.19418157366479774,3269000000.0,4567000000.0,0.0,4567000000.0,0.0,7836000000.0,89326000000.0,0.0,475000000.0,2114000000.0,14193000000.0,0.1403482749414103,11987000000.0,0.11853412046238888,-383000000.0,11604000000.0,0.11474680352428135,1144000000.0,10460000000.0,0.10343429548982962,18.05,17.85,579501385.0,586200000.0,,,Aerospace & Defense,,7637000000.0,927000000.0,8564000000.0,14364000000.0,62567000000.0,2335000000.0,87830000000.0,12645000000.0,7840000000.0,3429000000.0,11269000000.0,1087000000.0,284000000.0,4244000000.0,29529000000.0,0.0,117359000000.0,12916000000.0,3190000000.0,485000000.0,50676000000.0,14323000000.0,81590000000.0,10558000000.0,0.0,1736000000.0,23065000000.0,35359000000.0,0.0,156000000.0,116949000000.0,0.0,5061000000.0,55941000000.0,-15083000000.0,-45580000000.0,339000000.0,339000000.0,117288000000.0,0.0,117288000000.0,2014000000.0,13748000000.0,6111000000.0,0.0,202000000.0,2284000000.0,-795000000.0,2000000.0,2913000000.0,262000000.0,15322000000.0,-1722000000.0,-3230000000.0,-2607000000.0,2898000000.0,40000000.0,-4621000000.0,-7183000000.0,0.0,-9000000000.0,-3946000000.0,8407000000.0,-11722000000.0,-53000000.0,-1250000000.0,7637000000.0,8887000000.0,15322000000.0,-1791000000.0,13531000000.0,662.7854795625409,662.7854795625409,2.2218030552839636,21.480332463833786,7.040309106098579,16.605149476882815,14.664161178155684,14.664161178155684,-1.0484193054031956,2.2218030552839636,0.01756242155724826,16.261204648185824,662.7854795625409,387.72,400.9,182863456575.0,0.09858669424336436,0.002888572670182943,344.98230088495575,0.9965064460331121,24.429473684210528,0.19418157366479774,0.11853412046238888,3085.5457227138645,0.08912823047231146,1.1349920132066504,0.0151,0.022,9.386392859147403,8.73143870028011,Industrials
19,,,,,,,,,,,,,,,,,,,,,,,,,,,,,,,,,,,,,,,,,,,,,,,,,,,,,,,,,,,,,,,,,,,,,,,,,,,,,,,,,,,,,,,,,,,,,,,,,,,,,,,,,,,,,,,573.3655333774499,573.3655333774499,2.1794668103156023,24.831616975600184,8.62743648960739,17.73965176477207,15.253654402652481,15.253654402652481,-1.2605514010380294,2.1794668103156023,0.01678746201568351,16.492687107165334,573.3655333774499,,,,,,,,,,,,,,0.025699999999999997,,,,
20,,,,,,,,,,,,,,,,,,,,,,,,,,,,,,,,,,,,,,,,,,,,,,,,,,,,,,,,,,,,,,,,,,,,,,,,,,,,,,,,,,,,,,,,,,,,,,,,,,,,,,,,,,,,,,,128.83135713955937,128.83135713955937,1.1129756350574702,21.5025983213524,10.212850971922245,13.34709850152422,10.025261337557863,10.025261337557863,-1.1513104471492748,1.1129756350574702,0.026183974836263453,13.659457705937822,128.83135713955937,,,,,,,,,,,,,,0.0165,,,,
21,,,,,,,,,,,,,,,,,,,,,,,,,,,,,,,,,,,,,,,,,,,,,,,,,,,,,,,,,,,,,,,,,,,,,,,,,,,,,,,,,,,,,,,,,,,,,,,,,,,,,,,,,,,,,,,13.05212648752429,13.05212648752429,0.8602828026974882,15.974733635716072,10.7690756302521,11.960830507517198,8.831060696194209,8.831060696194209,-0.92608230162808,0.8602828026974882,0.030114208571951705,8.771480222224591,13.05212648752429,,,,,,,,,,,,,,0.0084,,,,
22,,,,,,,,,,,,,,,,,,,,,,,,,,,,,,,,,,,,,,,,,,,,,,,,,,,,,,,,,,,,,,,,,,,,,,,,,,,,,,,,,,,,,,,,,,,,,,,,,,,,,,,,,,,,,,,12.231035969558262,12.231035969558262,1.1676905166944573,19.460508019871895,11.461295618133603,16.00451928061346,11.964543539876082,11.964543539876082,-1.1949527705642502,1.1676905166944573,0.019956232787325924,11.009164534580027,12.231035969558262,,,,,,,,,,,,,,0.0063,,,,
23,,,,,,,,,,,,,,,,,,,,,,,,,,,,,,,,,,,,,,,,,,,,,,,,,,,,,,,,,,,,,,,,,,,,,,,,,,,,,,,,,,,,,,,,,,,,,,,,,,,,,,,,,,,,,,,6.467829425068582,6.467829425068582,1.1106630190353042,20.983416073695782,12.572278664731495,16.19406879277818,11.76292489276136,11.76292489276136,-1.343809639307332,1.1106630190353042,0.015248059628358249,11.425713591525252,6.467829425068582,,,,,,,,,,,,,,0.002,,,,
24,CAT,,18230.0,,,2018.0,,54722000000.0,37719000000.0,17003000000.0,0.31071598260297506,1850000000.0,0.0,0.0,5478000000.0,1382000000.0,8710000000.0,46429000000.0,0.0,404000000.0,2766000000.0,11015000000.0,0.20129015752348234,8293000000.0,0.15154782354446109,-471000000.0,7822000000.0,0.14294068199261722,1698000000.0,6147000000.0,0.1123314206352107,10.39,10.26,591400000.0,599400000.0,,,Farm & Heavy Construction Machinery,,7857000000.0,0.0,7857000000.0,17452000000.0,11529000000.0,1765000000.0,38603000000.0,13574000000.0,6217000000.0,1897000000.0,8114000000.0,0.0,1439000000.0,16779000000.0,39906000000.0,0.0,78509000000.0,7051000000.0,11553000000.0,0.0,1243000000.0,8371000000.0,28218000000.0,25000000000.0,0.0,0.0,11211000000.0,36211000000.0,0.0,456000000.0,64429000000.0,0.0,5827000000.0,30427000000.0,-1684000000.0,-20531000000.0,14039000000.0,14039000000.0,78468000000.0,0.0,78468000000.0,0.0,36553000000.0,28696000000.0,220000000.0,0.0,-4077000000.0,0.0,709000000.0,-183000000.0,1501000000.0,6558000000.0,-1640000000.0,16000000.0,-898000000.0,442000000.0,-1132000000.0,-3212000000.0,-7829000000.0,313000000.0,-3798000000.0,-1951000000.0,9615000000.0,-3650000000.0,-126000000.0,-430000000.0,7890000000.0,8320000000.0,6558000000.0,-2916000000.0,3642000000.0,5.480949808023364,5.480949808023364,1.4061447745849933,12.517822410092728,3.1355718542287416,21.127692024942338,11.733311124556268,11.733311124556268,2.4693262752931417,1.4061447745849933,0.025355096648703373,9.549437526540173,5.480949808023364,,,72734868000.0,0.21708003068268986,0.17882026264504705,4.589286986252582,0.8206575042351832,19.361386138613863,0.31071598260297506,0.15154782354446109,43.785169883894866,0.07829675578596085,1.235327518321831,0.0151,0.022,10.214833404687738,6.804086954573944,Industrials
25,,,,,,,,,,,,,,,,,,,,,,,,,,,,,,,,,,,,,,,,,,,,,,,,,,,,,,,,,,,,,,,,,,,,,,,,,,,,,,,,,,,,,,,,,,,,,,,,,,,,,,,,,,,,,,,7.075503011250639,7.075503011250639,2.1317400190290794,128.53204873355438,2.8075094176496016,28.79178988267974,16.996345974237112,16.996345974237112,25.372003482494158,2.1317400190290794,0.01889320202075618,16.410233934822024,7.075503011250639,,,,,,,,,,,,,,0.025699999999999997,,,,
26,,,,,,,,,,,,,,,,,,,,,,,,,,,,,,,,,,,,,,,,,,,,,,,,,,,,,,,,,,,,,,,,,,,,,,,,,,,,,,,,,,,,,,,,,,,,,,,,,,,,,,,,,,,,,,,4.304970505128264,4.304970505128264,1.4675350319399536,-844.0954854607462,2.6571743777149557,21.102387136518654,10.084592996767118,10.084592996767118,-164.5113382770894,1.4675350319399536,0.03181008159758175,23.49928971775928,4.304970505128264,,,,,,,,,,,,,,0.0165,,,,
27,,,,,,,,,,,,,,,,,,,,,,,,,,,,,,,,,,,,,,,,,,,,,,,,,,,,,,,,,,,,,,,,,,,,,,,,,,,,,,,,,,,,,,,,,,,,,,,,,,,,,,,,,,,,,,,2.497753596482544,2.497753596482544,0.7868208081153347,17.597161279881064,2.997003697564707,10.834573230905097,5.5414581288853935,5.5414581288853935,3.488323198343334,0.7868208081153347,0.04750030906318798,10.715215415086758,2.497753596482544,,,,,,,,,,,,,,0.0084,,,,
28,,,,,,,,,,,,,,,,,,,,,,,,,,,,,,,,,,,,,,,,,,,,,,,,,,,,,,,,,,,,,,,,,,,,,,,,,,,,,,,,,,,,,,,,,,,,,,,,,,,,,,,,,,,,,,,2.947419368245551,2.947419368245551,0.8944165834415773,13.357911973109607,3.291815795752804,10.550980064266781,6.1260375748591285,6.1260375748591285,2.7500010906615238,0.8944165834415773,0.03282176975817658,9.311681350681036,2.947419368245551,,,,,,,,,,,,,,0.0063,,,,
29,,,,,,,,,,,,,,,,,,,,,,,,,,,,,,,,,,,,,,,,,,,,,,,,,,,,,,,,,,,,,,,,,,,,,,,,,,,,,,,,,,,,,,,,,,,,,,,,,,,,,,,,,,,,,,,2.889464129541108,2.889464129541108,1.0804340592187724,15.87031881759831,3.24033535165347,10.466951784139253,5.900563045812972,5.900563045812972,3.415453536062185,1.0804340592187724,0.018475823395644426,10.589450115459584,2.889464129541108,,,,,,,,,,,,,,0.002,,,,
30,CSCO,,858877.0,,,2018.0,,49330000000.0,18724000000.0,30606000000.0,0.6204338130954794,6332000000.0,2144000000.0,9242000000.0,11386000000.0,221000000.0,17939000000.0,36663000000.0,1508000000.0,943000000.0,2192000000.0,16174000000.0,0.3278735049665518,12309000000.0,0.24952361646057167,-193000000.0,13039000000.0,0.2643219136428137,12929000000.0,110000000.0,0.0022298803973241437,0.02,0.02,4837000000.0,4881000000.0,,,Communication Equipment,,8934000000.0,37614000000.0,46548000000.0,11446000000.0,1846000000.0,2940000000.0,61837000000.0,3006000000.0,31706000000.0,2552000000.0,34258000000.0,0.0,3219000000.0,6464000000.0,46947000000.0,0.0,108784000000.0,1904000000.0,5238000000.0,1004000000.0,11490000000.0,8403000000.0,27035000000.0,20331000000.0,8195000000.0,0.0,10019000000.0,38545000000.0,0.0,0.0,65580000000.0,0.0,42820000000.0,1233000000.0,-849000000.0,0.0,43204000000.0,43204000000.0,108784000000.0,0.0,108784000000.0,0.0,25569000000.0,16635000000.0,900000000.0,1576000000.0,9344000000.0,-269000000.0,504000000.0,9423000000.0,-456000000.0,13666000000.0,-834000000.0,-2979000000.0,-14552000000.0,33643000000.0,46000000.0,15324000000.0,-12375000000.0,623000000.0,-18250000000.0,-5968000000.0,4206000000.0,-31764000000.0,0.0,-2774000000.0,8934000000.0,11708000000.0,13666000000.0,-834000000.0,12832000000.0,5.216087190246273,5.216087190246273,4.568332271789985,2048.689372430909,4.696753308578502,17.562019246212593,16.490255449099955,16.490255449099955,883.6731313044681,4.568332271789985,0.026482563039885717,14.961718249499196,5.216087190246273,46.59,48.44,193685100000.0,0.9915637702277782,0.3971539932342992,1.5179150078696417,0.6028460067657009,12.227995758218452,0.6204338130954794,0.24952361646057167,0.25460605499490785,0.0010111781144285924,1.0925703244697365,0.0151,0.022,9.036129540897221,7.982374784657306,Technology
31,,,,,,,,,,,,,,,,,,,,,,,,,,,,,,,,,,,,,,,,,,,,,,,,,,,,,,,,,,,,,,,,,,,,,,,,,,,,,,,,,,,,,,,,,,,,,,,,,,,,,,,,,,,,,,,2.3892133678425087,2.3892133678425087,3.2916447142797627,16.444521231033406,4.799540091981604,12.237872096421933,11.387676888800808,11.387676888800808,7.346803225207541,3.2916447142797627,0.034876346500040845,11.664144389594401,2.3892133678425087,,,,,,,,,,,,,,0.025699999999999997,,,,
32,,,,,,,,,,,,,,,,,,,,,,,,,,,,,,,,,,,,,,,,,,,,,,,,,,,,,,,,,,,,,,,,,,,,,,,,,,,,,,,,,,,,,,,,,,,,,,,,,,,,,,,,,,,,,,,2.509573483073318,2.509573483073318,3.2402733058805615,14.859273628335973,4.866785255460026,12.843990622561172,11.759302836750186,11.759302836750186,6.695551065095566,3.2402733058805615,0.029766802576922526,11.468673916848724,2.509573483073318,,,,,,,,,,,,,,0.0165,,,,
33,,,,,,,,,,,,,,,,,,,,,,,,,,,,,,,,,,,,,,,,,,,,,,,,,,,,,,,,,,,,,,,,,,,,,,,,,,,,,,,,,,,,,,,,,,,,,,,,,,,,,,,,,,,,,,,2.1536695124124763,2.1536695124124763,2.615279643457212,14.31575131410756,4.998576512455516,11.352738415187638,10.242970247928618,10.242970247928618,6.51574769994694,2.615279643457212,0.03178041180831627,10.348846685340277,2.1536695124124763,,,,,,,,,,,,,,0.0084,,,,
34,,,,,,,,,,,,,,,,,,,,,,,,,,,,,,,,,,,,,,,,,,,,,,,,,,,,,,,,,,,,,,,,,,,,,,,,,,,,,,,,,,,,,,,,,,,,,,,,,,,,,,,,,,,,,,,2.28191838506019,2.28191838506019,2.74234873758432,16.462473473475104,5.063587540279269,11.692123015935607,10.483279612974377,10.483279612974377,7.683662043888773,2.74234873758432,0.029068732147508,11.28650807860908,2.28191838506019,,,,,,,,,,,,,,0.0063,,,,
35,,,,,,,,,,,,,,,,,,,,,,,,,,,,,,,,,,,,,,,,,,,,,,,,,,,,,,,,,,,,,,,,,,,,,,,,,,,,,,,,,,,,,,,,,,,,,,,,,,,,,,,,,,,,,,,2.148005234558525,2.148005234558525,2.612588093630547,12.72063202114595,5.112759019669717,10.822402374901994,9.848772255863192,9.848772255863192,6.044965939066057,2.612588093630547,0.02606503023338797,9.55272010925076,2.148005234558525,,,,,,,,,,,,,,0.002,,,,
36,CVX,,93410.0,,,2018.0,,158902000000.0,113997000000.0,44905000000.0,0.28259556204453057,0.0,0.0,0.0,3838000000.0,26621000000.0,30459000000.0,144456000000.0,0.0,748000000.0,19419000000.0,40706000000.0,0.2561704698493411,14446000000.0,0.09091137934072573,6129000000.0,20575000000.0,0.12948232243772892,5715000000.0,14824000000.0,0.0932902040251224,7.81,7.74,1897623000.0,1914107000.0,,,Oil & Gas Integrated,,9342000000.0,1003000000.0,10345000000.0,15050000000.0,5704000000.0,2922000000.0,34021000000.0,169207000000.0,4518000000.0,0.0,4518000000.0,35546000000.0,0.0,10571000000.0,219842000000.0,0.0,253863000000.0,13953000000.0,5726000000.0,2565000000.0,0.0,4927000000.0,27171000000.0,28733000000.0,19742000000.0,15921000000.0,6654000000.0,71050000000.0,0.0,0.0,98221000000.0,0.0,1832000000.0,180987000000.0,-3784000000.0,-24481000000.0,154554000000.0,154554000000.0,252775000000.0,0.0,252775000000.0,36549000000.0,34459000000.0,25117000000.0,1050000000.0,0.0,-718000000.0,0.0,-494000000.0,418000000.0,-3957000000.0,30618000000.0,0.0,392000000.0,-1001000000.0,0.0,-11681000000.0,-12290000000.0,-10877000000.0,0.0,-604000000.0,-8502000000.0,6284000000.0,-13699000000.0,-91000000.0,4538000000.0,10481000000.0,5943000000.0,30618000000.0,-13792000000.0,16826000000.0,1.3875433778162214,1.3875433778162214,1.3495763377113459,14.466431409539146,10.55827242524917,12.74517884315989,7.004062290646297,7.004062290646297,-4.9525226358765835,1.3495763377113459,0.03964553493037138,5.885308780401128,1.3875433778162214,,,205395737580.0,0.27776427703523693,0.6088086881506954,0.6355125069554978,0.3869055356629363,27.50668449197861,0.28259556204453057,0.09091137934072573,9.591469648148868,0.05839370053926724,1.018181668145751,0.0151,0.022,8.421924440157355,7.21426195348389,Energy
37,,,,,,,,,,,,,,,,,,,,,,,,,,,,,,,,,,,,,,,,,,,,,,,,,,,,,,,,,,,,,,,,,,,,,,,,,,,,,,,,,,,,,,,,,,,,,,,,,,,,,,,,,,,,,,,1.5918237977750778,1.5918237977750778,1.7508005125089892,25.642991649987557,8.771836123233244,33.15810831410991,11.493410100981507,11.493410100981507,-8.71035477905695,1.7508005125089892,0.03448870959736337,9.364903246940791,1.5918237977750778,,,,,,,,,,,,,,0.025699999999999997,,,,
38,,,,,,,,,,,,,,,,,,,,,,,,,,,,,,,,,,,,,,,,,,,,,,,,,,,,,,,,,,,,,,,,,,,,,,,,,,,,,,,,,,,,,,,,,,,,,,,,,,,,,,,,,,,,,,,1.438726438059326,1.438726438059326,1.9000613838240104,-421.35868293393014,7.8211041725801875,-39.790094132274994,16.301982361681713,16.301982361681713,142.36260264354178,1.9000613838240104,0.03835441501344991,14.258447993240207,1.438726438059326,,,,,,,,,,,,,,0.0165,,,,
39,,,,,,,,,,,,,,,,,,,,,,,,,,,,,,,,,,,,,,,,,,,,,,,,,,,,,,,,,,,,,,,,,,,,,,,,,,,,,,,,,,,,,,,,,,,,,,,,,,,,,,,,,,,,,,,1.0576551278944526,1.0576551278944526,1.243185380115676,35.21274482483741,10.10303265940902,-16.074926404411745,8.301853439120539,8.301853439120539,-11.866377373417214,1.243185380115676,0.049479676957451195,7.3416237191927785,1.0576551278944526,,,,,,,,,,,,,,0.0084,,,,
40,,,,,,,,,,,,,,,,,,,,,,,,,,,,,,,,,,,,,,,,,,,,,,,,,,,,,,,,,,,,,,,,,,,,,,,,,,,,,,,,,,,,,,,,,,,,,,,,,,,,,,,,,,,,,,,1.2457677918159327,1.2457677918159327,0.9632651811507597,10.037362363164098,11.979804015296367,-49.11721496176002,6.135945646692309,6.135945646692309,-3.410915926432235,0.9632651811507597,0.04105030599835942,4.343402103860961,1.2457677918159327,,,,,,,,,,,,,,0.0063,,,,
41,,,,,,,,,,,,,,,,,,,,,,,,,,,,,,,,,,,,,,,,,,,,,,,,,,,,,,,,,,,,,,,,,,,,,,,,,,,,,,,,,,,,,,,,,,,,,,,,,,,,,,,,,,,,,,,1.4970977725432673,1.4970977725432673,1.0139934417287932,10.420423850872623,10.18203681435575,-74.836319194517,6.377828128599629,6.377828128599629,-3.6038499169677314,1.0139934417287932,0.0334801520338249,4.556017792680734,1.4970977725432673,,,,,,,,,,,,,,0.002,,,,
42,DIS,,1744489.0,,,2018.0,,59434000000.0,32726000000.0,26708000000.0,0.4493724130968806,0.0,0.0,0.0,8860000000.0,3011000000.0,11871000000.0,44597000000.0,108000000.0,682000000.0,3011000000.0,17954000000.0,0.30208298280445534,14837000000.0,0.24963825419793384,-108000000.0,14729000000.0,0.24782111249453176,1663000000.0,12598000000.0,0.21196621462462564,8.4,8.36,1499000000.0,1507000000.0,,,Entertainment,,4150000000.0,0.0,4150000000.0,9334000000.0,1392000000.0,1949000000.0,16825000000.0,29540000000.0,31269000000.0,6812000000.0,38081000000.0,2899000000.0,0.0,11253000000.0,81773000000.0,0.0,98598000000.0,6503000000.0,3790000000.0,0.0,4591000000.0,2976000000.0,17860000000.0,17084000000.0,0.0,3109000000.0,6590000000.0,26783000000.0,0.0,0.0,44643000000.0,0.0,36779000000.0,82679000000.0,-3097000000.0,-67588000000.0,48773000000.0,48773000000.0,93416000000.0,0.0,93416000000.0,0.0,20874000000.0,16724000000.0,-1573000000.0,393000000.0,-1360000000.0,0.0,235000000.0,592000000.0,758000000.0,14295000000.0,-4465000000.0,-1581000000.0,0.0,0.0,710000000.0,-5336000000.0,-1871000000.0,0.0,-3577000000.0,-2515000000.0,-880000000.0,-8843000000.0,-25000000.0,91000000.0,4155000000.0,4064000000.0,14295000000.0,-4465000000.0,9830000000.0,3.4469461492851083,3.4469461492851083,2.828648661356843,13.344809060095459,6.367473751874866,17.102533523813083,11.760608921936523,11.760608921936523,-6.929807426557504,2.828648661356843,0.014959739159818844,10.357609802705515,3.4469461492851083,114.76,117.53,167764500000.0,0.1129065109647634,0.49466520619079496,0.9153220019272958,0.45277794681433703,21.43841642228739,0.4493724130968806,0.24963825419793384,25.829864884259734,0.12777135438852716,0.9362994398362554,0.0151,0.022,7.745847135190327,6.890881500226201,Communication Services
43,,,,,,,,,,,,,,,,,,,,,,,,,,,,,,,,,,,,,,,,,,,,,,,,,,,,,,,,,,,,,,,,,,,,,,,,,,,,,,,,,,,,,,,,,,,,,,,,,,,,,,,,,,,,,,,3.7208452515551254,3.7208452515551254,2.788086431398154,17.118788593318488,6.386771690026642,17.629211188990826,12.454567088066112,12.454567088066112,-9.37229766561571,2.788086431398154,0.015904847088789767,10.484735580133005,3.7208452515551254,,,,,,,,,,,,,,0.025699999999999997,,,,
44,,,,,,,,,,,,,,,,,,,,,,,,,,,,,,,,,,,,,,,,,,,,,,,,,,,,,,,,,,,,,,,,,,,,,,,,,,,,,,,,,,,,,,,,,,,,,,,,,,,,,,,,,,,,,,,3.4430188805379034,3.4430188805379034,2.677635387303573,15.86223105808459,6.137010479867623,17.812054509921367,11.339997858288093,11.339997858288093,-8.900911417062531,2.677635387303573,0.015527427869246064,9.534203283870676,3.4430188805379034,,,,,,,,,,,,,,0.0165,,,,
45,,,,,,,,,,,,,,,,,,,,,,,,,,,,,,,,,,,,,,,,,,,,,,,,,,,,,,,,,,,,,,,,,,,,,,,,,,,,,,,,,,,,,,,,,,,,,,,,,,,,,,,,,,,,,,,4.360947294782211,4.360947294782211,3.7009659449190497,23.16525629923383,6.542586357401172,27.271232907328365,17.0550002898707,17.0550002898707,-13.652116485558674,3.7009659449190497,0.01577474075614235,13.059309238148462,4.360947294782211,,,,,,,,,,,,,,0.0084,,,,
46,,,,,,,,,,,,,,,,,,,,,,,,,,,,,,,,,,,,,,,,,,,,,,,,,,,,,,,,,,,,,,,,,,,,,,,,,,,,,,,,,,,,,,,,,,,,,,,,,,,,,,,,,,,,,,,3.377115528806138,3.377115528806138,3.1104082917269245,20.241082514873533,6.240475581692662,23.470143753913487,15.524372182419873,15.524372182419873,-12.131536241634821,3.1104082917269245,0.009932268257099978,11.650653908057278,3.377115528806138,,,,,,,,,,,,,,0.0063,,,,
47,,,,,,,,,,,,,,,,,,,,,,,,,,,,,,,,,,,,,,,,,,,,,,,,,,,,,,,,,,,,,,,,,,,,,,,,,,,,,,,,,,,,,,,,,,,,,,,,,,,,,,,,,,,,,,,2.71334457822096,2.71334457822096,2.7367183420439156,20.08874361864407,6.464905985359552,18.5193105234375,13.041105675412611,13.041105675412611,-12.530511483875598,2.7367183420439156,0.010741127159082087,11.571969415778991,2.71334457822096,,,,,,,,,,,,,,0.002,,,,
48,DOW,,1751788.0,,,2018.0,,60278000000.0,47705000000.0,12573000000.0,0.20858356282557483,1536000000.0,2846000000.0,0.0,2846000000.0,622000000.0,5004000000.0,52709000000.0,109000000.0,1118000000.0,3329000000.0,10231000000.0,0.1697302498423969,7569000000.0,0.12556820067022795,-1651000000.0,5918000000.0,0.09817843989515246,1285000000.0,4499000000.0,0.07463751285709545,5.999,5.999,750000000.0,750000000.0,,,Chemicals,,2669000000.0,100000000.0,2769000000.0,12382000000.0,9260000000.0,852000000.0,25263000000.0,23662000000.0,13848000000.0,4913000000.0,18761000000.0,6471000000.0,2031000000.0,1190000000.0,52115000000.0,0.0,77378000000.0,5378000000.0,645000000.0,791000000.0,0.0,6941000000.0,13755000000.0,19254000000.0,0.0,664000000.0,15736000000.0,35654000000.0,0.0,0.0,49409000000.0,0.0,0.0,29808000000.0,-9885000000.0,6908000000.0,26831000000.0,26831000000.0,76240000000.0,0.0,76240000000.0,6571000000.0,19899000000.0,17230000000.0,-530000000.0,0.0,-3246000000.0,0.0,359000000.0,-1090000000.0,-158000000.0,3894000000.0,-46000000.0,-14000000.0,-1644000000.0,1216000000.0,-1640000000.0,-2128000000.0,-3234000000.0,112000000.0,0.0,-3711000000.0,1669000000.0,-5164000000.0,-100000000.0,-3538000000.0,2669000000.0,6207000000.0,3894000000.0,-2584000000.0,1310000000.0,1.1523,2.0329,0.6209,,8.6494,30.7805,9.612,0,0,0,,2.1480793666308,0,,,,0.21713416694829335,0.34675230685724623,1.8414893220528492,0.638540670474812,5.195885509838998,0.20858356282557483,0.12556820067022795,16.76791770712981,0.0581431414613973,,0.0151,0.0293,,,Basic Materials
49,,,,,,,,,,,,,,,,,,,,,,,,,,,,,,,,,,,,,,,,,,,,,,,,,,,,,,,,,,,,,,,,,,,,,,,,,,,,,,,,,,,,,,,,,,,,,,,,,,,,,,,,,,,,,,,1.1523,2.0329,0.6209,,8.3433,30.7805,9.612,,0,0,,3.816056462285,0,,,,,,,,,,,,,,0.025699999999999997,,,,
50,,,,,,,,,,,,,,,,,,,,,,,,,,,,,,,,,,,,,,,,,,,,,,,,,,,,,,,,,,,,,,,,,,,,,,,,,,,,,,,,,,,,,,,,,,,,,,,,,,,,,,,,,,,,,,,1.1523,2.0329,0.6209,,,30.7805,9.612,,,,,3.3631166894495,,,,,,,,,,,,,,,0.0165,,,,
51,GS,,886982.0,,,2018.0,,33256000000.0,0.0,33256000000.0,1.0,0.0,12328000000.0,740000000.0,13068000000.0,0.0,0.0,0.0,19679000000.0,15912000000.0,1328000000.0,29721000000.0,0.8937033919,28393000000.0,0.8537707481,-15912000000.0,12481000000.0,0.3753006976,2022000000.0,10459000000.0,0.3144996392,25.53,25.27,385399996.0,390199996.0,,,Capital Markets,,130000000000.0,0.0,130000000000.0,496000000000.0,0.0,0.0,626000000000.0,18317000000.0,3758000000.0,324000000.0,4082000000.0,336161000000.0,0.0,-358560000000.0,358560000000.0,-51560000000.0,933000000000.0,180000000000.0,41000000000.0,2864000000.0,0.0,-221000000000.0,221000000000.0,224000000000.0,0.0,0.0,-221000000000.0,221000000000.0,401000000000.0,0.0,843000000000.0,11203000000.0,9000000.0,100100000000.0,693000000.0,-22005000000.0,90000000000.0,90000000000.0,933000000000.0,0.0,933000000000.0,336161000000.0,265000000000.0,135000000000.0,-2645000000.0,1831000000.0,8934000000.0,0.0,0.0,8934000000.0,514000000.0,20421000000.0,-7982000000.0,-162000000.0,-3790000000.0,411000000.0,-11154000000.0,-22677000000.0,-46725000000.0,38000000.0,-3979000000.0,-1810000000.0,75228000000.0,22752000000.0,0.0,20496000000.0,130547000000.0,110051000000.0,20421000000.0,-7982000000.0,12439000000.0,0.8652856943258856,0.8652856943258856,2.335282210401604,7.461113905992924,0.38165288501073596,6.2734777990819195,3.8213500975848387,3.8213500975848387,0.30399760010251325,2.335282210401604,0.02319448540277986,7.858846954772047,0.8652856943258856,202.48,541.21,63445589331.0,0.16200624949923884,0.09646302250803858,9.366666666666667,0.9035369774919614,-0.45236299648064354,1.0,0.8537707481356748,11.62111111111111,0.011210075026795285,1.2978233907633494,0.0151,0.2151,10.730843311649748,2.2183022161431705,Financial Services
52,,,,,,,,,,,,,,,,,,,,,,,,,,,,,,,,,,,,,,,,,,,,,,,,,,,,,,,,,,,,,,,,,,,,,,,,,,,,,,,,,,,,,,,,,,,,,,,,,,,,,,,,,,,,,,,1.3132583315764261,1.3132583315764261,3.657139639177869,25.199791172151194,0.3141741665070956,-5.161098340127109,-6.087605961212941,-6.087605961212941,1.0699055010821357,3.657139639177869,0.01637867345422337,12.791956597544626,1.3132583315764261,,,,,,,,,,,,,,0.025699999999999997,,,,
53,,,,,,,,,,,,,,,,,,,,,,,,,,,,,,,,,,,,,,,,,,,,,,,,,,,,,,,,,,,,,,,,,,,,,,,,,,,,,,,,,,,,,,,,,,,,,,,,,,,,,,,,,,,,,,,1.1504822873287837,1.1504822873287837,3.563571004629095,13.51295720368478,0.3744344042391319,37.10796488227914,17.94773023211131,17.94773023211131,0.6105759497679326,3.563571004629095,0.017065314583878062,12.322388739446149,1.1504822873287837,,,,,,,,,,,,,,0.0165,,,,
54,,,,,,,,,,,,,,,,,,,,,,,,,,,,,,,,,,,,,,,,,,,,,,,,,,,,,,,,,,,,,,,,,,,,,,,,,,,,,,,,,,,,,,,,,,,,,,,,,,,,,,,,,,,,,,,0.8362268577926391,0.8362268577926391,2.3212227282883116,11.92245321759658,0.37762119435816244,14.142800881950079,10.418658658618014,10.418658658618014,0.5658092028099275,2.3212227282883116,0.023178443581346186,14.940289209367984,0.8362268577926391,,,,,,,,,,,,,,0.0084,,,,
55,,,,,,,,,,,,,,,,,,,,,,,,,,,,,,,,,,,,,,,,,,,,,,,,,,,,,,,,,,,,,,,,,,,,,,,,,,,,,,,,,,,,,,,,,,,,,,,,,,,,,,,,,,,,,,,0.9555775051986184,0.9555775051986184,2.470382823802729,9.33336683943966,0.3102970527254055,-9.531255354527167,-10.378978184170274,-10.378978184170274,0.45280495217452793,2.470382823802729,0.0183773923588959,12.744932416799426,0.9555775051986184,,,,,,,,,,,,,,0.0063,,,,
56,,,,,,,,,,,,,,,,,,,,,,,,,,,,,,,,,,,,,,,,,,,,,,,,,,,,,,,,,,,,,,,,,,,,,,,,,,,,,,,,,,,,,,,,,,,,,,,,,,,,,,,,,,,,,,,0.9960925007479577,0.9960925007479577,2.452860199472462,9.721441574152985,0.2627066243456037,20.37018250096169,17.204576327578692,17.204576327578692,0.484376299175209,2.452860199472462,0.016658053980185782,12.28878488806135,0.9960925007479577,,,,,,,,,,,,,,0.002,,,,
57,HON,,773840.0,,,2018.0,,41802000000.0,29046000000.0,12756000000.0,0.3051528634993541,0.0,0.0,0.0,6051000000.0,0.0,6051000000.0,35097000000.0,217000000.0,367000000.0,1116000000.0,8907000000.0,0.21307592938136932,6705000000.0,0.16039902397014497,782000000.0,7487000000.0,0.17910626285823644,659000000.0,6765000000.0,0.16183436199224918,9.1,8.98,743000000.0,753000000.0,,,Conglomerates,,9287000000.0,1623000000.0,10910000000.0,7508000000.0,4326000000.0,1618000000.0,24362000000.0,5296000000.0,15546000000.0,4139000000.0,19685000000.0,742000000.0,382000000.0,7306000000.0,33411000000.0,0.0,57773000000.0,5607000000.0,6458000000.0,400000000.0,2403000000.0,4056000000.0,18924000000.0,9756000000.0,1264000000.0,1713000000.0,7751000000.0,20484000000.0,0.0,0.0,39408000000.0,0.0,958000000.0,33978000000.0,-3437000000.0,-13319000000.0,18180000000.0,18180000000.0,57588000000.0,0.0,57588000000.0,2365000000.0,16214000000.0,6927000000.0,-586000000.0,175000000.0,286000000.0,-236000000.0,733000000.0,0.0,-1322000000.0,6434000000.0,-828000000.0,-535000000.0,-4059000000.0,6032000000.0,417000000.0,1027000000.0,-25425000000.0,267000000.0,-4000000000.0,-2272000000.0,26398000000.0,-5032000000.0,-201000000.0,2228000000.0,9287000000.0,7059000000.0,6434000000.0,-828000000.0,5606000000.0,5.855722723234322,5.855722723234322,2.546697265882015,15.736443327184034,5.56766116142781,18.989839298679986,16.54601167367112,16.54601167367112,2.4465740514956553,2.546697265882015,0.021341942430754005,12.729767498416974,5.855722723234322,143.28,155.78,96407964000.0,0.0880192333377855,0.3146798677582954,2.1676567656765675,0.6821179443684766,19.809264305177113,0.3051528634993541,0.16039902397014497,37.21122112211221,0.1170962214183096,1.0278194331741646,0.0151,0.022,8.501500611212284,7.280441990045978,Industrials
58,,,,,,,,,,,,,,,,,,,,,,,,,,,,,,,,,,,,,,,,,,,,,,,,,,,,,,,,,,,,,,,,,,,,,,,,,,,,,,,,,,,,,,,,,,,,,,,,,,,,,,,,,,,,,,,6.721296973530331,6.721296973530331,2.864684623148715,70.16140574906949,4.571847507331379,23.529306284642352,19.46314557739021,19.46314557739021,11.188534697921293,2.864684623148715,0.018248815343631156,15.31243986908444,6.721296973530331,,,,,,,,,,,,,,0.025699999999999997,,,,
59,,,,,,,,,,,,,,,,,,,,,,,,,,,,,,,,,,,,,,,,,,,,,,,,,,,,,,,,,,,,,,,,,,,,,,,,,,,,,,,,,,,,,,,,,,,,,,,,,,,,,,,,,,,,,,,4.504784606437607,4.504784606437607,2.2200695395168184,18.143724899582036,4.457019732365616,19.81675517649103,15.869984183719534,15.869984183719534,2.9017051560474054,2.2200695395168184,0.021947625894088968,12.2377440270108,4.504784606437607,,,,,,,,,,,,,,0.0165,,,,
60,,,,,,,,,,,,,,,,,,,,,,,,,,,,,,,,,,,,,,,,,,,,,,,,,,,,,,,,,,,,,,,,,,,,,,,,,,,,,,,,,,,,,,,,,,,,,,,,,,,,,,,,,,,,,,,4.196398544183121,4.196398544183121,1.9886149810347062,16.091181749853188,4.777832817337461,17.512612322141063,14.067245064778144,14.067245064778144,2.62563371595219,1.9886149810347062,0.022496585392095567,10.822825270558441,4.196398544183121,,,,,,,,,,,,,,0.0084,,,,
61,,,,,,,,,,,,,,,,,,,,,,,,,,,,,,,,,,,,,,,,,,,,,,,,,,,,,,,,,,,,,,,,,,,,,,,,,,,,,,,,,,,,,,,,,,,,,,,,,,,,,,,,,,,,,,,4.140408039245625,4.140408039245625,1.8138040179864041,17.24632808420854,5.06356783919598,18.602337086249367,14.551589321050956,14.551589321050956,2.8307218558805562,1.8138040179864041,0.020654604676477856,10.736181456091822,4.140408039245625,,,,,,,,,,,,,,0.0063,,,,
62,,,,,,,,,,,,,,,,,,,,,,,,,,,,,,,,,,,,,,,,,,,,,,,,,,,,,,,,,,,,,,,,,,,,,,,,,,,,,,,,,,,,,,,,,,,,,,,,,,,,,,,,,,,,,,,3.9360064349413184,3.9360064349413184,1.7603437306137497,17.520444546156984,4.925589607768949,20.29227402571429,15.859336654929644,15.859336654929644,2.8830461584218146,1.7603437306137497,0.019679935764941564,10.636356412424515,3.9360064349413184,,,,,,,,,,,,,,0.002,,,,
63,INTC,,50863.0,,,2018.0,,70848000000.0,27111000000.0,43737000000.0,0.6173357046,13543000000.0,6750000000.0,0.0,6750000000.0,200000000.0,20493000000.0,47604000000.0,438000000.0,468000000.0,56000000.0,23372000000.0,0.3298893406,23316000000.0,0.329098916,1000000.0,23317000000.0,0.3291130307,2264000000.0,21053000000.0,0.2971572945,4.57,4.48,4611000000.0,4701000000.0,,,Semiconductors,,3019000000.0,8631000000.0,11650000000.0,6722000000.0,7253000000.0,3162000000.0,28787000000.0,48976000000.0,24513000000.0,11836000000.0,36349000000.0,9430000000.0,1122000000.0,3299000000.0,99176000000.0,0.0,127963000000.0,3824000000.0,1261000000.0,0.0,1665000000.0,9876000000.0,16626000000.0,25098000000.0,2049000000.0,1665000000.0,30024000000.0,36774000000.0,0.0,0.0,53400000000.0,0.0,25365000000.0,50172000000.0,-974000000.0,0.0,74563000000.0,74563000000.0,127963000000.0,0.0,127963000000.0,18061000000.0,26359000000.0,23340000000.0,-1749000000.0,1546000000.0,-421000000.0,-1714000000.0,211000000.0,1296000000.0,-82000000.0,29432000000.0,-15181000000.0,-516000000.0,-13346000000.0,18076000000.0,-272000000.0,-11239000000.0,-3026000000.0,0.0,-10730000000.0,-5541000000.0,690000000.0,-18607000000.0,0.0,-414000000.0,3019000000.0,3433000000.0,29432000000.0,-15181000000.0,14251000000.0,2.8885614292625026,2.8885614292625026,3.040026618254573,10.230361746549185,10.539720321332936,15.113311757076694,7.317878698358928,7.317878698358928,2.257150964799191,3.040026618254573,0.02572664590410312,7.262543530578034,2.8885614292625026,,,210809560000.0,0.09709653900587555,0.5826918718692122,0.7161729007684776,0.4173081281307878,48.886752136752136,0.6173357046070461,0.3290989159891599,28.235183670184945,0.1645241202535108,1.1546961342026842,0.0151,0.022,9.549083949690159,8.490002965605846,Technology
64,,,,,,,,,,,,,,,,,,,,,,,,,,,,,,,,,,,,,,,,,,,,,,,,,,,,,,,,,,,,,,,,,,,,,,,,,,,,,,,,,,,,,,,,,,,,,,,,,,,,,,,,,,,,,,,3.4042217019878582,3.4042217019878582,3.7436621094230493,24.472031835173418,11.193329766363474,22.740609528600466,10.626683747150611,10.626683747150611,5.504714180446444,3.7436621094230493,0.02158702260202229,8.869295761647269,3.4042217019878582,,,,,,,,,,,,,,0.025699999999999997,,,,
65,,,,,,,,,,,,,,,,,,,,,,,,,,,,,,,,,,,,,,,,,,,,,,,,,,,,,,,,,,,,,,,,,,,,,,,,,,,,,,,,,,,,,,,,,,,,,,,,,,,,,,,,,,,,,,,2.6726148564914083,2.6726148564914083,2.980392871941671,17.157482695424584,12.662473347547975,14.528161494377411,8.116131304383712,8.116131304383712,3.8831950404018505,2.980392871941671,0.02782539459461599,9.16723013588704,2.6726148564914083,,,,,,,,,,,,,,0.0165,,,,
66,,,,,,,,,,,,,,,,,,,,,,,,,,,,,,,,,,,,,,,,,,,,,,,,,,,,,,,,,,,,,,,,,,,,,,,,,,,,,,,,,,,,,,,,,,,,,,,,,,,,,,,,,,,,,,,2.2978341965588935,2.2978341965588935,2.5356914803865953,12.290998414781086,11.56360977647796,12.130602531915995,7.380932949297995,7.380932949297995,2.7888374794436053,2.5356914803865953,0.03245864969188814,6.35104049427343,2.2978341965588935,,,,,,,,,,,,,,0.0084,,,,
67,,,,,,,,,,,,,,,,,,,,,,,,,,,,,,,,,,,,,,,,,,,,,,,,,,,,,,,,,,,,,,,,,,,,,,,,,,,,,,,,,,,,,,,,,,,,,,,,,,,,,,,,,,,,,,,3.141588058022017,3.141588058022017,3.1413069064148913,14.995285104357484,12.620284617122204,17.17100253022209,8.595592950406504,8.595592950406504,3.5165267379518648,3.1413069064148913,0.02512181761644687,7.603570078290278,3.141588058022017,,,,,,,,,,,,,,0.0063,,,,
68,,,,,,,,,,,,,,,,,,,,,,,,,,,,,,,,,,,,,,,,,,,,,,,,,,,,,,,,,,,,,,,,,,,,,,,,,,,,,,,,,,,,,,,,,,,,,,,,,,,,,,,,,,,,,,,2.108939791969926,2.108939791969926,2.330925030754345,12.77114308950104,14.71468453378001,12.250313742247481,5.913476921495958,5.913476921495958,3.0371109218058363,2.330925030754345,0.03645660473221634,6.254148346866472,2.108939791969926,,,,,,,,,,,,,,0.002,,,,
69,JNJ,,200406.0,,,2018.0,,81581000000.0,26986000000.0,54595000000.0,0.6692121940157635,10775000000.0,0.0,22540000000.0,22540000000.0,3281000000.0,36596000000.0,63582000000.0,611000000.0,1005000000.0,6929000000.0,25933000000.0,0.3178803888160233,21175000000.0,0.2595579853152082,-3176000000.0,17999000000.0,0.22062735195695077,2702000000.0,15297000000.0,0.18750689498780354,5.745732,5.61,2662324000.0,2728700000.0,,,Drug Manufacturers—General,,6016000000.0,13671000000.0,19687000000.0,14098000000.0,8599000000.0,3649000000.0,46033000000.0,17035000000.0,30453000000.0,47611000000.0,78064000000.0,0.0,7506000000.0,4316000000.0,106921000000.0,0.0,152954000000.0,7537000000.0,2796000000.0,818000000.0,7640000000.0,12439000000.0,31230000000.0,27684000000.0,0.0,7506000000.0,26782000000.0,61972000000.0,0.0,0.0,93202000000.0,0.0,3120000000.0,106216000000.0,-15222000000.0,-34362000000.0,59752000000.0,59752000000.0,152954000000.0,0.0,152954000000.0,0.0,30480000000.0,24464000000.0,-1016000000.0,978000000.0,3000000.0,-1185000000.0,0.0,14803000000.0,10000000.0,22201000000.0,-3670000000.0,-899000000.0,-5626000000.0,4289000000.0,2739000000.0,-3167000000.0,-4034000000.0,0.0,-5868000000.0,-9494000000.0,886000000.0,-18510000000.0,-241000000.0,283000000.0,18107000000.0,17824000000.0,22201000000.0,-3670000000.0,18531000000.0,5.907629173769915,5.907629173769915,4.326897909943492,23.075940275289273,5.78670733437367,19.048764685721224,15.899853988158188,15.899853988158188,4.205391725444351,4.326897909943492,0.026895743507166867,14.656838029168004,5.907629173769915,,,342709825800.0,0.15011945108061558,0.39065339906115565,1.5598138974427633,0.6093466009388444,17.301492537313433,0.6692121940157635,0.2595579853152082,25.600816709064134,0.10001046066137531,0.7499172781257976,0.0151,0.022,6.20694483386492,5.701524349179994,Healthcare
70,,,,,,,,,,,,,,,,,,,,,,,,,,,,,,,,,,,,,,,,,,,,,,,,,,,,,,,,,,,,,,,,,,,,,,,,,,,,,,,,,,,,,,,,,,,,,,,,,,,,,,,,,,,,,,,6.350931119806641,6.350931119806641,4.997671892316122,293.90155089812885,5.667160859896219,21.492491205915936,18.145517485161832,18.145517485161832,53.58150454145732,4.997671892316122,0.023406582061947758,16.44723560425451,6.350931119806641,,,,,,,,,,,,,,0.025699999999999997,,,,
71,,,,,,,,,,,,,,,,,,,,,,,,,,,,,,,,,,,,,,,,,,,,,,,,,,,,,,,,,,,,,,,,,,,,,,,,,,,,,,,,,,,,,,,,,,,,,,,,,,,,,,,,,,,,,,,4.004375440816577,4.004375440816577,4.065863410310521,18.489928782795733,6.528228060368921,18.014119411614786,14.778324218792438,14.778324218792438,3.4621958111366764,4.065863410310521,0.028686119638464444,12.730284864820781,4.004375440816577,,,,,,,,,,,,,,0.0165,,,,
72,,,,,,,,,,,,,,,,,,,,,,,,,,,,,,,,,,,,,,,,,,,,,,,,,,,,,,,,,,,,,,,,,,,,,,,,,,,,,,,,,,,,,,,,,,,,,,,,,,,,,,,,,,,,,,,4.073563851532213,4.073563851532213,3.8226207877208016,17.407291905414134,6.76659080564406,19.254538576409495,15.38299094646066,15.38299094646066,3.292671958601498,3.8226207877208016,0.027338710376550328,11.97275922420371,4.073563851532213,,,,,,,,,,,,,,0.0063,,,,
73,,,,,,,,,,,,,,,,,,,,,,,,,,,,,,,,,,,,,,,,,,,,,,,,,,,,,,,,,,,,,,,,,,,,,,,,,,,,,,,,,,,,,,,,,,,,,,,,,,,,,,,,,,,,,,,3.43184717120249,3.43184717120249,3.5637561500036177,18.374562834867906,6.088277981729702,18.390518747308633,14.593923197947513,14.593923197947513,3.5223465012768647,3.5637561500036177,0.028669397779055215,13.344148106349802,3.43184717120249,,,,,,,,,,,,,,0.002,,,,
74,JPM,,19617.0,,,2018.0,,103744000000.0,0.0,103744000000.0,1.0,0.0,17304000000.0,3044000000.0,57417000000.0,0.0,-62980000000.0,-62980000000.0,77442000000.0,22383000000.0,7791000000.0,38999000000.0,0.3759157156,31208000000.0,0.3008173967,40764000000.0,40764000000.0,0.3929287477,8290000000.0,30709000000.0,0.29600748,9.04,9.0,3414000000.0,3414000000.0,,,Banks—Diversified,,278793000000.0,230394000000.0,509187000000.0,73200000000.0,0.0,0.0,0.0,14934000000.0,47471000000.0,6878000000.0,54349000000.0,586469000000.0,0.0,0.0,0.0,2622532000000.0,2622532000000.0,114794000000.0,69276000000.0,0.0,0.0,0.0,0.0,282031000000.0,0.0,0.0,0.0,0.0,2366017000000.0,0.0,2366017000000.0,26068000000.0,4105000000.0,199202000000.0,-1507000000.0,28647000000.0,256515000000.0,256515000000.0,2622532000000.0,0.0,2622532000000.0,816863000000.0,351307000000.0,72514000000.0,1721000000.0,0.0,-26994000000.0,-5849000000.0,14630000000.0,-26942000000.0,-805000000.0,14187000000.0,0.0,0.0,-104459000000.0,86413000000.0,-179947000000.0,-197993000000.0,-76313000000.0,0.0,-21679000000.0,-10109000000.0,142259000000.0,34158000000.0,-2863000000.0,-152511000000.0,278793000000.0,431304000000.0,14187000000.0,0.0,14187000000.0,1.382446003417656,1.382446003417656,3.252512052451,10.92006332963848,1.4894672131147542,24.995991863443997,24.995991863444,24.995991863444,1.2731764475227125,3.252512052451,0.028506720208595907,6.0212035378313455,1.382446003417656,104.41,186.49,322936722000.0,0.20336571484643312,0.0978119618750124,9.223698419195758,0.9021880381249876,-1.6386543358799088,1.0,0.30081739666872304,11.971619593396097,0.011709675992514105,1.2013040549198648,0.0151,0.2151,9.933911745405316,4.847243457453621,Financial Services
75,,,,,,,,,,,,,,,,,,,,,,,,,,,,,,,,,,,,,,,,,,,,,,,,,,,,,,,,,,,,,,,,,,,,,,,,,,,,,,,,,,,,,,,,,,,,,,,,,,,,,,,,,,,,,,,1.5988888163968509,1.5988888163968509,4.130418352690571,16.727002910313,1.461397628785306,-163.46448545820073,-163.46448545820073,-163.46448545820073,2.039326612071939,4.130418352690571,0.021997204378937336,5.582313201032048,1.5988888163968509,,,,,,,,,,,,,,0.025699999999999997,,,,
76,,,,,,,,,,,,,,,,,,,,,,,,,,,,,,,,,,,,,,,,,,,,,,,,,,,,,,,,,,,,,,,,,,,,,,,,,,,,,,,,,,,,,,,,,,,,,,,,,,,,,,,,,,,,,,,1.224672688374051,1.224672688374051,3.2539569203683576,12.586404829895283,1.828167399197401,15.413921106050703,15.413921106050703,15.413921106050703,1.5634171802195629,3.2539569203683576,0.02722779387920592,5.043998849289613,1.224672688374051,,,,,,,,,,,,,,0.0165,,,,
77,,,,,,,,,,,,,,,,,,,,,,,,,,,,,,,,,,,,,,,,,,,,,,,,,,,,,,,,,,,,,,,,,,,,,,,,,,,,,,,,,,,,,,,,,,,,,,,,,,,,,,,,,,,,,,,0.8911072693710541,0.8911072693710541,2.3714551376452504,9.026024875214794,1.9961162965347066,3.0029414967467942,3.0029414967467942,3.0029414967467942,1.1488344043225915,2.3714551376452504,0.03568674894306393,4.301753856861153,0.8911072693710541,,,,,,,,,,,,,,0.0084,,,,
78,,,,,,,,,,,,,,,,,,,,,,,,,,,,,,,,,,,,,,,,,,,,,,,,,,,,,,,,,,,,,,,,,,,,,,,,,,,,,,,,,,,,,,,,,,,,,,,,,,,,,,,,,,,,,,,0.881904354986103,0.881904354986103,2.1724869607754367,9.404426713530466,1.3442686111388575,5.592849291936982,5.592849291936983,5.592849291936983,1.2149792295620443,2.1724869607754367,0.03415435147508986,1.5490278491295226,0.881904354986103,,,,,,,,,,,,,,0.0063,,,,
79,,,,,,,,,,,,,,,,,,,,,,,,,,,,,,,,,,,,,,,,,,,,,,,,,,,,,,,,,,,,,,,,,,,,,,,,,,,,,,,,,,,,,,,,,,,,,,,,,,,,,,,,,,,,,,,1.0030135714894544,1.0030135714894544,2.192559468356003,11.818021536573116,1.482596685082873,1.9620983205654312,1.9620983205654314,1.9620983205654314,1.534464476328796,2.192559468356003,0.028591068407058252,5.128087634789838,1.0030135714894544,,,,,,,,,,,,,,0.002,,,,
80,KO,,21344.0,,,2018.0,,31856000000.0,11770000000.0,20086000000.0,0.630524861878453,0.0,225000000.0,5814000000.0,6039000000.0,-2000000.0,10745000000.0,22075000000.0,682000000.0,919000000.0,1086000000.0,10062000000.0,0.3158588648920141,8700000000.0,0.2731039678553491,-350000000.0,8350000000.0,0.26211702661978903,1623000000.0,6434000000.0,0.2019713711702662,1.51,1.5,4259000000.0,4299000000.0,,,Beverages—Non-Alcoholic,,8926000000.0,7038000000.0,15964000000.0,3396000000.0,2766000000.0,8508000000.0,30634000000.0,8232000000.0,10263000000.0,7007000000.0,17270000000.0,20274000000.0,2667000000.0,4139000000.0,52582000000.0,0.0,83216000000.0,2498000000.0,18191000000.0,693000000.0,0.0,8534000000.0,29223000000.0,25364000000.0,0.0,1933000000.0,7638000000.0,34935000000.0,0.0,0.0,64158000000.0,0.0,1760000000.0,63234000000.0,-12814000000.0,-35199000000.0,16981000000.0,16981000000.0,81139000000.0,0.0,81139000000.0,27312000000.0,43555000000.0,34629000000.0,-450000000.0,225000000.0,-1202000000.0,66000000.0,-289000000.0,-575000000.0,1534000000.0,7627000000.0,-1347000000.0,322000000.0,-7789000000.0,14977000000.0,-236000000.0,5927000000.0,-30568000000.0,1476000000.0,-1912000000.0,-6644000000.0,27301000000.0,-10347000000.0,-262000000.0,2945000000.0,9318000000.0,6373000000.0,7627000000.0,-1347000000.0,6280000000.0,12.003753757458336,12.003753757458336,6.398660929036916,31.68102930609263,9.380447585394581,32.45792078907643,26.725546421319,26.725546421319,17.417000621485546,6.398660929036916,0.032594872306039475,23.69953712536275,12.003753757458336,,,202231850000.0,0.19437125748502995,0.20405931551624687,3.778222719510041,0.7709815420111517,8.34385201305767,0.630524861878453,0.2731039678553491,37.889405806489606,0.07731686214189579,0.5546839539796494,0.0151,0.023600000000000003,4.5949611060945905,3.7840738401453495,Consumer Defensive
81,,,,,,,,,,,,,,,,,,,,,,,,,,,,,,,,,,,,,,,,,,,,,,,,,,,,,,,,,,,,,,,,,,,,,,,,,,,,,,,,,,,,,,,,,,,,,,,,,,,,,,,,,,,,,,,11.86360819737582,11.86360819737582,5.719726606766451,162.28807623846154,9.656394873193346,37.29249109659363,28.50204322341683,28.50204322341683,89.49201777342297,5.719726606766451,0.031204403191405845,27.41211349709283,11.86360819737582,,,,,,,,,,,,,,0.025699999999999997,,,,
82,,,,,,,,,,,,,,,,,,,,,,,,,,,,,,,,,,,,,,,,,,,,,,,,,,,,,,,,,,,,,,,,,,,,,,,,,,,,,,,,,,,,,,,,,,,,,,,,,,,,,,,,,,,,,,,7.745965863702194,7.745965863702194,4.267192144583523,27.36900026791788,10.85658713692946,27.339679330991736,20.308943241098227,20.308943241098227,15.251319756886728,4.267192144583523,0.03382829021057285,20.294504349543875,7.745965863702194,,,,,,,,,,,,,,0.0165,,,,
83,,,,,,,,,,,,,,,,,,,,,,,,,,,,,,,,,,,,,,,,,,,,,,,,,,,,,,,,,,,,,,,,,,,,,,,,,,,,,,,,,,,,,,,,,,,,,,,,,,,,,,,,,,,,,,,7.309534012929483,7.309534012929483,4.217000771355037,25.409853375921642,11.239279370718092,23.421671745003135,17.74200533495441,17.74200533495441,14.274387749065573,4.217000771355037,0.030735406762928904,18.01641689484536,7.309534012929483,,,,,,,,,,,,,,0.0084,,,,
84,,,,,,,,,,,,,,,,,,,,,,,,,,,,,,,,,,,,,,,,,,,,,,,,,,,,,,,,,,,,,,,,,,,,,,,,,,,,,,,,,,,,,,,,,,,,,,,,,,,,,,,,,,,,,,,5.9568859532783645,5.9568859532783645,3.9265355472716204,25.44558778577064,10.299596954769369,22.00180071913753,17.01486407003297,17.01486407003297,14.409422178414328,3.9265355472716204,0.02962138082196834,18.14932659494812,5.9568859532783645,,,,,,,,,,,,,,0.0063,,,,
85,,,,,,,,,,,,,,,,,,,,,,,,,,,,,,,,,,,,,,,,,,,,,,,,,,,,,,,,,,,,,,,,,,,,,,,,,,,,,,,,,,,,,,,,,,,,,,,,,,,,,,,,,,,,,,,5.1019133638440906,5.1019133638440906,3.612194732974773,19.716422648974838,9.615021547301456,21.176898400750755,16.054427245190666,16.054427245190666,11.28470608307144,3.612194732974773,0.029359669909201858,14.119695280634236,5.1019133638440906,,,,,,,,,,,,,,0.002,,,,
86,MCD,,63908.0,,,2018.0,,21025200000.0,10239200000.0,10786000000.0,0.5130034434868633,0.0,0.0,0.0,2200200000.0,0.0,2200200000.0,12439400000.0,4000000.0,981200000.0,1482000000.0,10279300000.0,0.48890379164050757,8585800000.0,0.4083575899396914,-769700000.0,7816100000.0,0.37174913912828417,1891800000.0,5924300000.0,0.2817713981317657,7.722983,7.54,767100000.0,785600000.0,,,Restaurants,,866000000.0,0.0,866000000.0,2441500000.0,51100000.0,694600000.0,4053200000.0,22842700000.0,2331500000.0,0.0,2331500000.0,1202800000.0,0.0,2381000000.0,28758000000.0,0.0,32811200000.0,1207900000.0,0.0,482000000.0,0.0,1283600000.0,2973500000.0,31075300000.0,627800000.0,1215500000.0,3177500000.0,36096100000.0,0.0,0.0,39069600000.0,0.0,16600000.0,50487000000.0,-2609500000.0,-54152500000.0,-6258400000.0,-6258400000.0,32811200000.0,0.0,32811200000.0,0.0,31075300000.0,30209300000.0,102600000.0,125100000.0,-472700000.0,-479400000.0,129400000.0,0.0,-194600000.0,6966700000.0,0.0,429100000.0,0.0,0.0,-2884200000.0,-2455100000.0,-1759600000.0,0.0,-5207700000.0,-3255900000.0,4273600000.0,-5949600000.0,-159800000.0,-1597800000.0,866000000.0,2463800000.0,6966700000.0,-2741700000.0,4225000000.0,-22.279779224487093,-22.279779224487093,6.631840377191656,23.536243994823018,8.61159123489658,33.00254918308402,20.01460810692724,20.01460810692724,3.8166478740997225,6.631840377191656,0.02335053618615341,16.503562528433843,-22.279779224487093,181.77,182.9,135584705863.0,0.2420388684894001,-0.1907397474033257,-6.242745749712387,1.1907397474033257,7.961781492050551,0.5130034434868633,0.4083575899396914,-94.66157484341046,0.1805572487443312,0.6167917368319829,0.0151,0.023600000000000003,5.107766672274004,4.158711681363011,Consumer Cyclical
87,,,,,,,,,,,,,,,,,,,,,,,,,,,,,,,,,,,,,,,,,,,,,,,,,,,,,,,,,,,,,,,,,,,,,,,,,,,,,,,,,,,,,,,,,,,,,,,,,,,,,,,,,,,,,,,-41.91137227214504,-41.91137227214504,6.001926547535099,26.37874633310286,11.547616637992107,37.042965405103445,24.673289484322307,24.673289484322307,4.428149764954441,6.001926547535099,0.022554442540340093,15.107381019447974,-41.91137227214504,,,,,,,,,,,,,,0.025699999999999997,,,,
88,,,,,,,,,,,,,,,,,,,,,,,,,,,,,,,,,,,,,,,,,,,,,,,,,,,,,,,,,,,,,,,,,,,,,,,,,,,,,,,,,,,,,,,,,,,,,,,,,,,,,,,,,,,,,,,-45.72439468964297,-45.72439468964297,4.093521751545575,21.506515142298092,16.70300522352622,23.779705842722663,16.63315783457324,16.63315783457324,3.724825675105132,4.093521751545575,0.03034221060273476,13.544676789828753,-45.72439468964297,,,,,,,,,,,,,,0.0165,,,,
89,,,,,,,,,,,,,,,,,,,,,,,,,,,,,,,,,,,,,,,,,,,,,,,,,,,,,,,,,,,,,,,,,,,,,,,,,,,,,,,,,,,,,,,,,,,,,,,,,,,,,,,,,,,,,,,15.835960286098844,15.835960286098844,4.416782863567465,24.781688762466604,19.56802956802957,23.754275567561162,17.16500786221957,17.16500786221957,4.750456689526417,4.416782863567465,0.028779342771123533,14.70682456676686,15.835960286098844,,,,,,,,,,,,,,0.0084,,,,
90,,,,,,,,,,,,,,,,,,,,,,,,,,,,,,,,,,,,,,,,,,,,,,,,,,,,,,,,,,,,,,,,,,,,,,,,,,,,,,,,,,,,,,,,,,,,,,,,,,,,,,,,,,,,,,,6.925053161884015,6.925053161884015,3.243668423542616,18.708327023195594,22.59659090909091,21.464341631329425,13.225335915332154,13.225335915332154,3.8081065618084846,3.243668423542616,0.03613170113258448,10.631300543544382,6.925053161884015,,,,,,,,,,,,,,0.0063,,,,
91,,,,,,,,,,,,,,,,,,,,,,,,,,,,,,,,,,,,,,,,,,,,,,,,,,,,,,,,,,,,,,,,,,,,,,,,,,,,,,,,,,,,,,,,,,,,,,,,,,,,,,,,,,,,,,,5.802702303618431,5.802702303618431,3.3053623667170715,16.63107521979269,21.29542354902258,21.624656208156427,13.046403172474617,13.046403172474617,3.4819610818481515,3.3053623667170715,0.03352654456196826,10.108192122410902,5.802702303618431,,,,,,,,,,,,,,0.002,,,,
92,MMM,,66740.0,,,2018.0,,32765000000.0,16682000000.0,16083000000.0,0.4908591484816115,1821000000.0,7602000000.0,0.0,7529000000.0,73000000.0,9423000000.0,26105000000.0,70000000.0,350000000.0,1488000000.0,8824000000.0,0.26931176560354037,7207000000.0,0.21996032351594688,-207000000.0,7000000000.0,0.21364260643979857,1637000000.0,5349000000.0,0.16325347169235466,9.09,8.89,588500000.0,602000000.0,,,Conglomerates,,2853000000.0,380000000.0,3233000000.0,5123000000.0,4366000000.0,987000000.0,13709000000.0,8738000000.0,10051000000.0,2657000000.0,12708000000.0,188000000.0,365000000.0,792000000.0,22791000000.0,0.0,36500000000.0,2266000000.0,1211000000.0,516000000.0,617000000.0,2634000000.0,7244000000.0,13411000000.0,0.0,279000000.0,5718000000.0,19408000000.0,0.0,75000000.0,26652000000.0,0.0,9000000.0,40636000000.0,-6866000000.0,-23983000000.0,9796000000.0,9796000000.0,36448000000.0,0.0,36448000000.0,568000000.0,14622000000.0,11769000000.0,-57000000.0,302000000.0,-272000000.0,-305000000.0,408000000.0,6465000000.0,-371000000.0,6439000000.0,-1577000000.0,859000000.0,-1828000000.0,2497000000.0,271000000.0,222000000.0,-1034000000.0,485000000.0,-4870000000.0,-3193000000.0,1911000000.0,-6701000000.0,-160000000.0,-200000000.0,2853000000.0,3053000000.0,6439000000.0,-1577000000.0,4862000000.0,11.971253320799306,11.971253320799306,3.579136198094003,21.923798379239113,6.395666601600625,24.119785588348417,18.21251708814257,18.21251708814257,2.396388437255241,3.579136198094003,0.02722767268839687,14.623685123589075,11.971253320799306,,,110036850000.0,0.23385714285714285,0.26838356164383564,2.720702327480604,0.7301917808219178,19.8,0.4908591484816115,0.21996032351594688,54.6039199673336,0.14654794520547945,0.9560211943655538,0.0151,0.022,7.908683820594051,6.983002900820854,Industrials
93,,,,,,,,,,,,,,,,,,,,,,,,,,,,,,,,,,,,,,,,,,,,,,,,,,,,,,,,,,,,,,,,,,,,,,,,,,,,,,,,,,,,,,,,,,,,,,,,,,,,,,,,,,,,,,,12.99793704027934,12.99793704027934,4.747611776123764,30.937658706617945,6.354275391409073,30.880449146650914,24.08576057640224,24.08576057640224,3.433367584919061,4.747611776123764,0.018649970239628447,17.142523236919068,12.99793704027934,,,,,,,,,,,,,,0.025699999999999997,,,,
94,,,,,,,,,,,,,,,,,,,,,,,,,,,,,,,,,,,,,,,,,,,,,,,,,,,,,,,,,,,,,,,,,,,,,,,,,,,,,,,,,,,,,,,,,,,,,,,,,,,,,,,,,,,,,,,10.300686823804623,10.300686823804623,3.523081899483211,21.00524216070099,6.6894023550322155,20.23587808308661,15.922616768468929,15.922616768468929,2.3591883236582265,3.523081899483211,0.02524593744961011,13.228776429403533,10.300686823804623,,,,,,,,,,,,,,0.0165,,,,
95,,,,,,,,,,,,,,,,,,,,,,,,,,,,,,,,,,,,,,,,,,,,,,,,,,,,,,,,,,,,,,,,,,,,,,,,,,,,,,,,,,,,,,,,,,,,,,,,,,,,,,,,,,,,,,,8.068466006149642,8.068466006149642,3.1203540992270598,19.545954893440925,7.106572769953051,19.04932446057673,14.714267912772584,14.714267912772584,2.2711644467564343,3.1203540992270598,0.027110397859114854,12.318680795332778,8.068466006149642,,,,,,,,,,,,,,0.0084,,,,
96,,,,,,,,,,,,,,,,,,,,,,,,,,,,,,,,,,,,,,,,,,,,,,,,,,,,,,,,,,,,,,,,,,,,,,,,,,,,,,,,,,,,,,,,,,,,,,,,,,,,,,,,,,,,,,,8.037620109277595,8.037620109277595,3.3111832441632885,21.260121471452784,7.374507531865585,20.52701383450614,15.90177513017205,15.90177513017205,2.5635347064017733,3.3111832441632885,0.02103161953793308,12.925376378312633,8.037620109277595,,,,,,,,,,,,,,0.0063,,,,
97,,,,,,,,,,,,,,,,,,,,,,,,,,,,,,,,,,,,,,,,,,,,,,,,,,,,,,,,,,,,,,,,,,,,,,,,,,,,,,,,,,,,,,,,,,,,,,,,,,,,,,,,,,,,,,,4.988989664832019,4.988989664832019,2.828457034559619,18.741639217405023,7.0935202205882355,21.03017753224711,15.01070949181537,15.01070949181537,2.373685695087014,2.828457034559619,0.019812798347886563,11.320521097042166,4.988989664832019,,,,,,,,,,,,,,0.002,,,,
